{"11-B": 0.2300000000000182, "11-K": 0.33, "3-C": 1.19, "5-A": 0.64, "5-G": 0.67, "6-C": 0.6509999999998399, "6-D": 0.7550000000001091, "7-F": 0.4099999999998545, "7-I": 0.5619999999998981, "7-J": 0.84, "8-G": 0.69, "BS-1": 0.86, "CM-45": 0.38999999999987267, "CM-53": 1.14, "CM-65": 0.86, "CM-83": 0.72, "CS-33": 0.76, "CS-34": 0.76, "CS-55": 0.98, "CS-75": 0.58, "CS-83": 0.58, "CS-84": 0.58, "H-21": 0.55, "HK-09": 0.249, "HK-10": 0.25, "HK-113 A": 0.96, "HK-17": 0.388, "HK-3": 1.55, "HK-50 B": 1.23, "HK-7": 1.56, "K-7": 0.21, "K-15": 0.63, "K-18": 0.7, "K-22": 0.21, "K-25": 0.57, "K-26": 0.58, "K-28": 0.22, "K-3": 0.72, "K-30": 0.23, "K-31": 0.75, "K-32": 0.49, "K-39": 0.74, "K-4": 0.64, "K-40": 0.19, "K-42": 0.47699999999986176, "K-43": 0.46, "K-46": 0.61, "K-47": 0.3420000000000982, "K-5": 0.84, "K-60 B": 1.23, "KM-12": 0.91, "KM-21 A": 0.38, "KM-22 A": 0.61, "KM-22 B": 0.61, "KM-24": 0.88, "KM-41": 0.92, "KM-42": 0.94, "KM-43": 0.79, "KM-44": 0.84, "KS-11": 0.544, "KS-12": 0.544, "KS-61": 0.604, "KS-62": 0.604, "PAM-1": 0.6640000000002146, "PAM-3": 0.4299999999998363, "PDP-1": 0.900000000000091, "PDP-2": 0.36999999999989086, "RM-5": 1.12, "RP-5": 0.449, "RP-8": 0.506, "RS-03": 1.29, "RS-56": 0.816, "HK-9": 0.25, "RS-3": 0.40000000000009095}